City_ID,City,Country,Lat,Lng,Max Temp,Humidity,Cloudiness,Wind Speed,Current Description,Date
0,Bredasdorp,ZA,-34.5322,20.0403,56.52,62,73,11.5,broken clouds,2022-03-14 01:29:32
1,Mataura,NZ,-46.1927,168.8643,65.48,49,47,4.41,scattered clouds,2022-03-14 01:29:33
2,Hobart,AU,-42.8794,147.3294,64.26,84,75,8.05,broken clouds,2022-03-14 01:29:33
3,Namatanai,PG,-3.6667,152.4333,85.62,59,28,8.25,scattered clouds,2022-03-14 01:29:34
4,Thompson,CA,55.7435,-97.8558,6.96,72,75,13.8,broken clouds,2022-03-14 01:29:34
5,Rikitea,PF,-23.1203,-134.9692,80.38,71,100,14.12,overcast clouds,2022-03-14 01:29:35
6,Ushuaia,AR,-54.8,-68.3,38.86,87,100,17.27,moderate rain,2022-03-14 01:28:02
7,Diamantina,BR,-18.2494,-43.6003,63.88,90,100,3.47,overcast clouds,2022-03-14 01:29:35
8,Kavieng,PG,-2.5744,150.7967,85.84,65,11,13.47,few clouds,2022-03-14 01:29:36
9,Qaanaaq,GL,77.484,-69.3632,-7.82,99,100,1.34,light snow,2022-03-14 01:29:36
10,Kapaa,US,22.0752,-159.319,80.58,67,20,10.36,few clouds,2022-03-14 01:29:37
11,Sinnamary,GF,5.3833,-52.95,76.39,92,100,11.01,moderate rain,2022-03-14 01:29:37
12,Saskylakh,RU,71.9167,114.0833,-12.33,97,94,3.98,overcast clouds,2022-03-14 01:29:38
13,Atuona,PF,-9.8,-139.0333,78.98,73,100,13.6,overcast clouds,2022-03-14 01:25:26
14,Jalu,LY,29.0331,21.5482,52.38,54,6,12.82,clear sky,2022-03-14 01:29:39
15,Shakawe,BW,-18.3667,21.85,71.49,72,100,4.32,overcast clouds,2022-03-14 01:29:39
16,Kosino,RU,58.4127,51.2782,12.07,97,100,2.57,overcast clouds,2022-03-14 01:29:40
17,Verkhnyaya Inta,RU,65.9811,60.3094,-3.51,93,13,3.24,few clouds,2022-03-14 01:29:40
18,Tabou,CI,4.423,-7.3528,79.09,85,100,4.92,overcast clouds,2022-03-14 01:29:41
19,Kodiak,US,57.79,-152.4072,40.51,81,100,24.16,light rain,2022-03-14 01:29:41
20,Sai Buri,TH,6.7013,101.6168,79.97,87,100,6.04,overcast clouds,2022-03-14 01:29:42
21,Norman Wells,CA,65.282,-126.8329,-3.96,54,0,3.44,clear sky,2022-03-14 01:29:42
22,Gat,IL,31.61,34.7642,47.08,100,100,7.87,overcast clouds,2022-03-14 01:29:43
23,Russell,US,32.3502,-85.1999,51.4,61,0,0.0,clear sky,2022-03-14 01:29:44
24,Ribeira Grande,PT,38.5167,-28.7,56.3,63,99,9.31,overcast clouds,2022-03-14 01:29:44
25,Takanabe,JP,32.1333,131.5,73.29,58,0,3.65,clear sky,2022-03-14 01:26:34
26,Bilibino,RU,68.0546,166.4372,0.61,81,64,1.57,broken clouds,2022-03-14 01:29:45
27,Albany,US,42.6001,-73.9662,27.75,57,83,1.01,broken clouds,2022-03-14 01:27:45
28,Oksovskiy,RU,62.6062,39.8984,17.62,97,60,5.53,broken clouds,2022-03-14 01:29:45
29,Chuy,UY,-33.6971,-53.4616,60.55,80,0,5.59,clear sky,2022-03-14 01:29:46
30,Sitka,US,57.0531,-135.33,42.69,56,100,17.27,overcast clouds,2022-03-14 01:29:46
31,Yellowknife,CA,62.456,-114.3525,-3.59,67,20,9.22,few clouds,2022-03-14 01:29:07
32,Lisala,CD,2.15,21.5167,68.23,96,100,2.33,overcast clouds,2022-03-14 01:29:47
33,Pisco,PE,-13.7,-76.2167,71.65,73,0,4.61,light rain,2022-03-14 01:29:47
34,Richards Bay,ZA,-28.783,32.0377,75.18,83,0,10.42,clear sky,2022-03-14 01:29:48
35,Mastic Beach,US,40.7668,-72.8521,29.77,80,100,11.01,overcast clouds,2022-03-14 01:29:49
36,Aklavik,CA,68.2191,-135.0107,2.03,83,100,9.44,overcast clouds,2022-03-14 01:29:49
37,Dakar,SN,14.6937,-17.4441,68.88,76,0,16.64,clear sky,2022-03-14 01:29:50
38,Jamestown,US,42.097,-79.2353,31.71,48,100,10.36,overcast clouds,2022-03-14 01:29:51
39,Hilo,US,19.7297,-155.09,82.13,67,75,12.66,broken clouds,2022-03-14 01:29:32
40,Vaini,TO,-21.2,-175.2,84.36,79,20,3.44,few clouds,2022-03-14 01:29:52
41,Tuktoyaktuk,CA,69.4541,-133.0374,-9.4,77,75,12.66,broken clouds,2022-03-14 01:29:52
42,Bluff,NZ,-46.6,168.3333,65.8,74,32,5.82,scattered clouds,2022-03-14 01:29:53
43,Tasiilaq,GL,65.6145,-37.6368,30.36,96,100,30.31,snow,2022-03-14 01:29:53
44,Hermanus,ZA,-34.4187,19.2345,52.81,67,96,12.57,light rain,2022-03-14 01:29:54
45,Guerrero Negro,MX,27.9769,-114.0611,62.15,67,0,20.02,clear sky,2022-03-14 01:29:54
46,Khatanga,RU,71.9667,102.5,-4.04,97,100,10.67,overcast clouds,2022-03-14 01:29:55
47,East London,ZA,-33.0153,27.9116,68.07,94,100,13.89,moderate rain,2022-03-14 01:26:41
48,Butaritari,KI,3.0707,172.7902,81.48,72,5,20.27,clear sky,2022-03-14 01:29:55
49,Kaitangata,NZ,-46.2817,169.8464,65.23,62,20,5.57,few clouds,2022-03-14 01:29:56
50,New Norfolk,AU,-42.7826,147.0587,63.9,61,100,1.99,overcast clouds,2022-03-14 01:29:56
51,Wilmington,US,34.2257,-77.9447,42.71,57,0,5.75,clear sky,2022-03-14 01:26:56
52,Saint-Philippe,RE,-21.3585,55.7679,76.59,87,100,11.86,moderate rain,2022-03-14 01:29:57
53,Vila Do Maio,CV,15.1333,-23.2167,68.79,77,1,23.15,clear sky,2022-03-14 01:29:57
54,Rio Gallegos,AR,-51.6226,-69.2181,48.25,46,0,27.63,clear sky,2022-03-14 01:26:39
55,Chokurdakh,RU,70.6333,147.9167,-6.74,87,100,3.94,overcast clouds,2022-03-14 01:29:58
56,Nicoya,CR,10.1483,-85.452,79.83,65,54,11.9,broken clouds,2022-03-14 01:29:59
57,Cabedelo,BR,-6.9811,-34.8339,79.47,77,94,11.01,overcast clouds,2022-03-14 01:29:59
58,Delmas,HT,18.5447,-72.3028,75.92,83,91,3.44,overcast clouds,2022-03-14 01:30:00
59,Clyde River,CA,70.4692,-68.5914,-10.97,77,100,21.85,snow,2022-03-14 01:30:00
60,Labuhan,ID,-6.8844,112.2051,82.76,79,97,4.52,overcast clouds,2022-03-14 01:30:01
61,Puerto Ayora,EC,-0.7393,-90.3518,79.56,92,25,1.99,scattered clouds,2022-03-14 01:30:02
62,Iqaluit,CA,63.7506,-68.5145,-23.31,67,20,10.36,few clouds,2022-03-14 01:29:53
63,Vardo,NO,70.3705,31.1107,33.39,91,94,6.91,overcast clouds,2022-03-14 01:30:03
64,Ulladulla,AU,-35.35,150.4667,76.77,76,20,6.04,light rain,2022-03-14 01:30:04
65,Cape Town,ZA,-33.9258,18.4232,58.12,72,75,1.14,broken clouds,2022-03-14 01:30:05
66,Los Llanos De Aridane,ES,28.6585,-17.9182,60.55,85,0,25.32,clear sky,2022-03-14 01:30:06
67,Pangnirtung,CA,66.1451,-65.7125,-26.66,88,19,5.79,few clouds,2022-03-14 01:30:07
68,Cravo Norte,CO,6.3017,-70.2041,86.76,47,100,3.98,overcast clouds,2022-03-14 01:30:08
69,Mar Del Plata,AR,-38.0023,-57.5575,67.08,88,4,13.0,clear sky,2022-03-14 01:29:10
70,San Cristobal,VE,7.7669,-72.225,71.78,98,100,1.61,overcast clouds,2022-03-14 01:30:09
71,Lompoc,US,34.6391,-120.4579,63.79,82,40,16.11,scattered clouds,2022-03-14 01:29:57
72,Purranque,CL,-40.9167,-73.1667,56.53,83,39,4.99,scattered clouds,2022-03-14 01:30:10
73,Kailua,US,21.4022,-157.7394,84.18,70,35,5.01,scattered clouds,2022-03-14 01:30:11
74,Saint Anthony,US,45.0205,-93.218,37.45,65,40,5.75,scattered clouds,2022-03-14 01:29:10
75,Busselton,AU,-33.65,115.3333,75.7,59,52,5.61,broken clouds,2022-03-14 01:30:11
76,Kinsale,IE,51.7075,-8.5306,40.37,81,40,9.22,scattered clouds,2022-03-14 01:30:12
77,Dong Hoi,VN,17.4833,106.6,73.29,86,76,4.81,broken clouds,2022-03-14 01:25:18
78,Punta Arenas,CL,-53.15,-70.9167,41.11,81,20,26.46,few clouds,2022-03-14 01:28:48
79,Isilkul,RU,54.9109,71.2728,2.08,93,100,10.6,overcast clouds,2022-03-14 01:30:13
80,Anadyr,RU,64.75,177.4833,-3.5,83,0,13.42,clear sky,2022-03-14 01:30:13
81,Tugulym,RU,57.0591,64.6425,-2.13,97,98,4.72,overcast clouds,2022-03-14 01:30:14
82,Nanortalik,GL,60.1432,-45.2371,29.34,94,100,23.15,snow,2022-03-14 01:30:14
83,Alofi,NU,-19.0595,-169.9187,80.49,89,14,4.61,few clouds,2022-03-14 01:30:15
84,Kondinskoye,RU,59.6481,67.41,-5.13,99,100,6.46,overcast clouds,2022-03-14 01:30:16
85,Ugoofaaru,MV,5.6667,73.0,82.24,74,78,5.97,broken clouds,2022-03-14 01:30:16
86,Saldanha,ZA,-33.0117,17.9442,51.85,63,92,16.13,overcast clouds,2022-03-14 01:30:17
87,Along,IN,28.1667,94.7667,66.49,51,0,1.39,clear sky,2022-03-14 01:27:03
88,Vao,NC,-22.6667,167.4833,79.32,79,38,13.94,scattered clouds,2022-03-14 01:30:17
89,Lupiro,TZ,-8.3833,36.6667,69.69,98,94,1.68,overcast clouds,2022-03-14 01:30:18
90,Nikolskoye,RU,59.7035,30.7861,32.88,99,100,3.36,overcast clouds,2022-03-14 01:30:19
91,Amahai,ID,-3.3333,128.9167,84.67,74,58,2.8,broken clouds,2022-03-14 01:30:19
92,West Bay,KY,19.3667,-81.4167,80.67,79,20,11.5,few clouds,2022-03-14 01:30:20
93,Chabahar,IR,25.2919,60.643,75.78,66,7,2.53,clear sky,2022-03-14 01:30:20
94,Palu,ID,-0.8917,119.8707,85.3,71,62,0.6,broken clouds,2022-03-14 01:30:21
95,Arraial Do Cabo,BR,-22.9661,-42.0278,77.74,87,6,16.2,clear sky,2022-03-14 01:28:37
96,Klaksvik,FO,62.2266,-6.589,45.52,95,75,14.03,broken clouds,2022-03-14 01:30:22
97,Kruisfontein,ZA,-34.0033,24.7314,58.89,85,100,20.51,light rain,2022-03-14 01:30:22
98,Vanimo,PG,-2.6741,141.3028,86.22,67,61,6.82,broken clouds,2022-03-14 01:30:23
99,Luan,CH,46.3592,6.9759,36.23,89,100,4.0,snow,2022-03-14 01:30:23
100,Fort Nelson,CA,58.8053,-122.7002,0.99,71,75,2.3,light snow,2022-03-14 01:30:24
101,Airai,TL,-8.9266,125.4092,74.55,59,74,1.23,broken clouds,2022-03-14 01:30:24
102,Salalah,OM,17.0151,54.0924,71.69,43,0,3.44,clear sky,2022-03-14 01:30:25
103,Bonthe,SL,7.5264,-12.505,77.31,92,98,5.5,overcast clouds,2022-03-14 01:30:26
104,Bathsheba,BB,13.2167,-59.5167,77.61,73,75,23.02,broken clouds,2022-03-14 01:30:26
105,Turukhansk,RU,65.8167,87.9833,-13.83,99,100,4.25,overcast clouds,2022-03-14 01:30:27
106,Sur,OM,22.5667,59.5289,79.03,37,38,5.3,scattered clouds,2022-03-14 01:30:28
107,Barrow,US,71.2906,-156.7887,1.42,78,75,11.5,broken clouds,2022-03-14 01:30:28
108,Upernavik,GL,72.7868,-56.1549,-13.52,99,96,19.26,overcast clouds,2022-03-14 01:30:29
109,Kerouane,GN,9.2667,-9.0167,75.25,67,38,5.14,scattered clouds,2022-03-14 01:30:29
110,Santa Isabel Do Rio Negro,BR,-0.4139,-65.0192,72.19,100,100,1.34,overcast clouds,2022-03-14 01:30:30
111,Port Elizabeth,ZA,-33.918,25.5701,61.11,88,40,24.16,light rain,2022-03-14 01:30:30
112,Phuket,TH,8.0,98.25,86.09,89,75,0.0,broken clouds,2022-03-14 01:29:35
113,Severo-Kurilsk,RU,50.6789,156.125,30.38,88,100,7.18,light snow,2022-03-14 01:30:31
114,Ko Samui,TH,9.5357,99.9357,84.11,79,40,6.91,scattered clouds,2022-03-14 01:30:32
115,Veraval,IN,20.9,70.3667,78.31,43,2,8.37,clear sky,2022-03-14 01:30:32
116,Fairbanks,US,64.8378,-147.7164,19.81,33,0,9.22,clear sky,2022-03-14 01:30:33
117,Pastavy,BY,55.1168,26.8326,26.65,88,71,5.35,broken clouds,2022-03-14 01:30:34
118,Carnarvon,AU,-24.8667,113.6333,78.87,57,0,17.27,clear sky,2022-03-14 01:30:34
119,Gravdal,NO,68.1214,13.5031,39.11,73,100,9.08,overcast clouds,2022-03-14 01:30:35
120,Arlit,NE,18.7369,7.3853,67.12,10,0,8.86,clear sky,2022-03-14 01:30:35
121,Vanavara,RU,60.34,102.2797,-11.47,97,100,2.71,overcast clouds,2022-03-14 01:30:36
122,Coahuayana,MX,18.7333,-103.6833,69.42,88,0,0.65,clear sky,2022-03-14 01:30:37
123,Hoquiam,US,46.9809,-123.8893,48.45,92,100,17.27,mist,2022-03-14 01:30:37
124,Lodja,CD,-3.4833,23.4333,67.87,91,99,2.42,overcast clouds,2022-03-14 01:30:38
125,Nyurba,RU,63.2842,118.3319,-2.2,90,100,4.18,overcast clouds,2022-03-14 01:30:38
126,Bako,ET,5.7833,36.5667,70.25,44,63,2.73,broken clouds,2022-03-14 01:30:39
127,Hithadhoo,MV,-0.6,73.0833,82.76,71,100,4.92,overcast clouds,2022-03-14 01:30:40
128,La Tuque,CA,47.4334,-72.7824,16.05,67,100,2.3,overcast clouds,2022-03-14 01:26:15
129,Thai Nguyen,VN,21.5928,105.8442,71.38,87,100,3.49,overcast clouds,2022-03-14 01:30:41
130,Henties Bay,NA,-22.116,14.2845,62.82,90,96,10.51,overcast clouds,2022-03-14 01:30:41
131,Saint George,US,37.1041,-113.5841,66.79,13,0,9.22,clear sky,2022-03-14 01:30:25
132,Torbay,CA,47.6666,-52.7314,24.58,79,75,39.12,light shower snow,2022-03-14 01:30:42
133,Sassandra,CI,4.95,-6.0833,77.68,90,74,3.51,broken clouds,2022-03-14 01:30:43
134,Agadir,MA,30.4202,-9.5982,59.45,91,95,6.2,overcast clouds,2022-03-14 01:30:44
135,Balkanabat,TM,39.5108,54.3671,48.51,49,100,1.54,overcast clouds,2022-03-14 01:30:45
136,Marawi,PH,7.9986,124.2928,79.5,73,25,2.24,scattered clouds,2022-03-14 01:30:45
137,Katsuura,JP,35.1333,140.3,66.63,71,15,21.61,few clouds,2022-03-14 01:30:46
138,Singaparna,ID,-7.3515,108.111,81.54,75,92,2.62,overcast clouds,2022-03-14 01:30:46
139,Makushino,RU,55.2103,67.2442,8.35,95,100,9.01,light snow,2022-03-14 01:30:47
140,Ostrovnoy,RU,68.0531,39.5131,25.88,89,100,3.38,overcast clouds,2022-03-14 01:30:47
141,Tiznit,MA,29.5833,-9.5,54.86,85,88,2.89,overcast clouds,2022-03-14 01:30:48
142,Port Hedland,AU,-20.3167,118.5667,93.25,66,0,10.36,clear sky,2022-03-14 01:27:52
143,Touros,BR,-5.1989,-35.4608,80.04,79,92,7.58,overcast clouds,2022-03-14 01:30:48
144,Goderich,CA,43.7501,-81.7165,31.91,80,100,8.05,overcast clouds,2022-03-14 01:30:49
145,Bayir,TR,37.2687,28.2167,23.52,55,0,4.38,clear sky,2022-03-14 01:30:49
146,Umm Lajj,SA,25.0213,37.2685,64.76,52,0,11.32,clear sky,2022-03-14 01:30:50
147,Port Alfred,ZA,-33.5906,26.891,66.02,87,100,26.66,light rain,2022-03-14 01:30:50
148,Mahanoro,MG,-19.9,48.8,73.62,93,98,7.11,light rain,2022-03-14 01:30:51
149,Remiremont,FR,48.0175,6.5882,41.18,96,100,8.01,light rain,2022-03-14 01:30:51
150,Omboue,GA,-1.5746,9.2618,78.76,85,100,3.11,light rain,2022-03-14 01:30:52
151,Peniche,PT,39.3558,-9.3811,51.3,85,54,12.19,broken clouds,2022-03-14 01:30:52
152,Geraldton,AU,-28.7667,114.6,75.61,69,28,5.75,scattered clouds,2022-03-14 01:30:53
153,Hasaki,JP,35.7333,140.8333,72.28,67,20,10.78,few clouds,2022-03-14 01:30:54
154,Prainha,BR,-1.8,-53.48,73.4,98,100,2.53,overcast clouds,2022-03-14 01:30:54
155,Sistranda,NO,63.7256,8.834,42.76,72,100,7.29,overcast clouds,2022-03-14 01:30:55
156,Lebu,CL,-37.6167,-73.65,57.22,82,0,18.19,clear sky,2022-03-14 01:30:55
157,Cap Malheureux,MU,-19.9842,57.6142,78.48,84,100,5.01,overcast clouds,2022-03-14 01:30:56
158,Aksu,CN,41.1231,80.2644,52.11,32,100,2.71,overcast clouds,2022-03-14 01:30:56
159,Astoria,US,46.1879,-123.8313,48.09,92,100,11.5,overcast clouds,2022-03-14 01:30:26
160,Malynivka,UA,49.8167,36.7333,18.97,96,82,4.47,broken clouds,2022-03-14 01:30:57
161,Kant,IN,27.8,79.8,69.15,44,0,2.19,clear sky,2022-03-14 01:30:57
162,Morehead,US,37.2711,-87.1764,44.35,53,0,0.0,clear sky,2022-03-14 01:30:58
163,Torres,BR,-29.3353,-49.7269,69.82,94,100,5.84,overcast clouds,2022-03-14 01:30:58
164,Camacha,PT,33.0833,-16.3333,49.42,76,75,27.63,broken clouds,2022-03-14 01:30:59
165,Tremosna,CZ,49.8158,13.395,37.49,66,0,5.75,clear sky,2022-03-14 01:30:59
166,Faanui,PF,-16.4833,-151.75,82.15,69,99,9.55,overcast clouds,2022-03-14 01:31:00
167,Uchiza,PE,-8.4592,-76.4633,69.13,98,75,1.5,broken clouds,2022-03-14 01:31:00
168,Ponta Delgada,PT,37.7333,-25.6667,55.51,62,75,6.91,broken clouds,2022-03-14 01:31:01
169,Sao Joao Da Barra,BR,-21.6403,-41.0511,78.01,88,2,13.13,clear sky,2022-03-14 01:31:01
170,Almeirim,BR,-1.5233,-52.5817,74.32,95,100,3.36,overcast clouds,2022-03-14 01:30:32
171,Komsomolskiy,UZ,40.4272,71.7189,50.72,93,100,6.91,mist,2022-03-14 01:31:02
172,Udachnyy,RU,66.4167,112.4,-15.18,100,100,2.64,overcast clouds,2022-03-14 01:31:03
173,Srednekolymsk,RU,67.45,153.6833,-4.72,91,100,6.49,overcast clouds,2022-03-14 01:31:03
174,Tual,ID,-5.6667,132.75,84.13,71,100,3.65,moderate rain,2022-03-14 01:31:04
175,Ngunguru,NZ,-35.6167,174.5,68.41,74,57,9.44,broken clouds,2022-03-14 01:31:04
176,Tiksi,RU,71.6872,128.8694,-16.8,99,98,1.36,overcast clouds,2022-03-14 01:31:05
177,Ucluelet,CA,48.9329,-125.5528,46.09,90,100,1.99,overcast clouds,2022-03-14 01:30:25
178,Santa Maria,BR,-29.6842,-53.8069,63.7,100,100,6.91,light intensity drizzle,2022-03-14 01:27:58
179,Flinders,AU,-34.5833,150.8552,74.48,78,47,6.22,scattered clouds,2022-03-14 01:31:06
180,Avarua,CK,-21.2078,-159.775,84.25,74,20,5.75,few clouds,2022-03-14 01:28:49
181,Aksarka,RU,66.5606,67.7975,-4.34,100,99,7.47,overcast clouds,2022-03-14 01:31:07
182,Rumphi,MW,-11.0186,33.8575,63.12,86,100,1.57,overcast clouds,2022-03-14 01:31:07
183,Batagay-Alyta,RU,67.8006,130.4114,-8.77,92,95,1.63,overcast clouds,2022-03-14 01:31:08
184,Lasa,IT,46.6166,10.7002,31.03,82,88,2.48,overcast clouds,2022-03-14 01:31:09
185,Villa Union,MX,23.2,-106.2333,71.56,46,0,10.36,clear sky,2022-03-14 01:31:09
186,Ambon,ID,-3.6954,128.1814,84.34,79,40,5.75,scattered clouds,2022-03-14 01:31:10
187,Atambua,ID,-9.1061,124.8925,83.05,69,76,2.42,broken clouds,2022-03-14 01:31:10
188,Zabaykalsk,RU,49.6333,117.3167,23.07,77,91,6.26,overcast clouds,2022-03-14 01:31:11
189,Kaabong,UG,3.4836,34.1492,71.58,42,98,2.13,overcast clouds,2022-03-14 01:31:11
190,Victoria,HK,22.2855,114.1577,76.96,81,68,4.0,broken clouds,2022-03-14 01:29:02
191,Itarema,BR,-2.9248,-39.9167,77.54,84,97,6.31,overcast clouds,2022-03-14 01:30:28
192,Codrington,AU,-38.2667,141.9667,76.24,57,100,8.52,light rain,2022-03-14 01:31:12
193,Santa Cruz,BO,-17.8,-63.1667,72.86,83,75,5.75,broken clouds,2022-03-14 01:31:13
194,Poltavka,RU,54.3663,71.7632,3.87,92,100,9.98,overcast clouds,2022-03-14 01:31:13
195,Lavrentiya,RU,65.5833,-171.0,11.14,73,0,2.64,clear sky,2022-03-14 01:31:14
196,Chartres,FR,48.4167,1.5,43.02,92,6,3.0,clear sky,2022-03-14 01:31:14
197,Esperance,AU,-33.8667,121.9,71.44,64,20,14.5,few clouds,2022-03-14 01:31:15
198,Bani,DO,18.2833,-70.3333,74.64,79,85,9.98,overcast clouds,2022-03-14 01:31:15
199,Severo-Yeniseyskiy,RU,60.3725,93.0408,-7.78,94,44,0.47,scattered clouds,2022-03-14 01:31:16
200,Nemuro,JP,43.3236,145.575,31.42,93,100,11.59,overcast clouds,2022-03-14 01:31:16
201,Namibe,AO,-15.1961,12.1522,70.77,79,100,9.69,overcast clouds,2022-03-14 01:31:17
202,Mayo,US,38.8876,-76.5119,41.97,57,100,3.44,overcast clouds,2022-03-14 01:31:17
203,Progreso,MX,21.2833,-89.6667,73.51,68,96,14.67,overcast clouds,2022-03-14 01:31:18
204,Faya,SA,18.3851,42.4509,55.92,85,5,3.31,clear sky,2022-03-14 01:31:18
205,Dulce Grande,MX,23.0,-102.1667,68.43,14,3,16.51,clear sky,2022-03-14 01:31:19
206,Maragogi,BR,-9.0122,-35.2225,79.12,81,100,5.48,overcast clouds,2022-03-14 01:31:19
207,Farafangana,MG,-22.8167,47.8333,74.52,86,74,2.33,light rain,2022-03-14 01:31:20
208,Linxia,CN,35.6003,103.2064,47.39,38,0,2.19,clear sky,2022-03-14 01:31:20
209,Chulman,RU,56.8479,124.9104,1.63,93,100,0.76,overcast clouds,2022-03-14 01:31:21
210,Ponta Do Sol,PT,32.6667,-17.1,55.06,71,72,26.64,broken clouds,2022-03-14 01:31:21
211,Koumac,NC,-20.5667,164.2833,84.07,71,100,2.95,overcast clouds,2022-03-14 01:31:22
212,Laguna,US,38.421,-121.4238,66.76,40,0,4.61,clear sky,2022-03-14 01:31:22
213,Seminole,US,28.7086,-81.2081,57.56,81,0,11.5,clear sky,2022-03-14 01:30:49
214,Belyy Yar,RU,53.6039,91.3903,3.09,66,0,11.18,clear sky,2022-03-14 01:31:23
215,Oum Hadjer,TD,13.2954,19.6966,75.54,16,91,9.44,overcast clouds,2022-03-14 01:31:24
216,Te Anau,NZ,-45.4167,167.7167,69.96,46,39,1.7,scattered clouds,2022-03-14 01:31:24
217,Broome,US,42.2506,-75.833,27.46,74,100,10.36,overcast clouds,2022-03-14 01:31:24
218,Tsumeb,NA,-19.2333,17.7167,64.0,94,100,2.28,light rain,2022-03-14 01:31:25
219,Antalaha,MG,-14.9003,50.2788,73.87,88,89,5.61,overcast clouds,2022-03-14 01:31:25
220,Northam,GB,51.0333,-4.2167,42.62,92,45,5.93,scattered clouds,2022-03-14 01:31:26
221,Yumen,CN,40.2833,97.2,48.88,31,100,4.85,overcast clouds,2022-03-14 01:31:27
222,Christchurch,NZ,-43.5333,172.6333,67.41,57,40,17.27,scattered clouds,2022-03-14 01:27:30
223,Botou,CN,38.0667,116.5667,57.31,47,0,8.52,clear sky,2022-03-14 01:31:28
224,Cayenne,GF,4.9333,-52.3333,74.08,1,100,4.61,overcast clouds,2022-03-14 01:31:28
225,Andenes,NO,69.3143,16.1194,35.58,87,100,9.22,overcast clouds,2022-03-14 01:31:29
226,Grindavik,IS,63.8424,-22.4338,36.07,80,75,19.57,broken clouds,2022-03-14 01:31:29
227,Bakel,SN,14.905,-12.4568,79.83,7,37,9.22,scattered clouds,2022-03-14 01:31:30
228,Okha,RU,53.5739,142.9478,19.81,87,100,6.46,overcast clouds,2022-03-14 01:31:30
229,Pudozh,RU,61.8099,36.5345,24.4,91,100,4.14,overcast clouds,2022-03-14 01:31:31
230,Hobyo,SO,5.3505,48.5268,78.1,73,31,15.84,scattered clouds,2022-03-14 01:31:31
231,Naze,JP,28.3667,129.4833,68.92,78,7,4.36,clear sky,2022-03-14 01:31:32
232,Neiafu,TO,-18.65,-173.9833,84.88,79,40,9.22,scattered clouds,2022-03-14 01:31:32
233,Wurselen,DE,50.8167,6.1333,49.93,78,100,5.01,overcast clouds,2022-03-14 01:31:33
234,Pemangkat,ID,1.1667,108.9667,83.08,65,100,0.87,overcast clouds,2022-03-14 01:31:34
235,Haines Junction,CA,60.7522,-137.5108,13.95,52,100,4.61,overcast clouds,2022-03-14 01:31:34
236,Deputatskiy,RU,69.3,139.9,-9.56,96,100,1.7,overcast clouds,2022-03-14 01:31:35
237,Hilton Head Island,US,32.2163,-80.7526,46.45,67,0,0.0,clear sky,2022-03-14 01:26:43
238,Mizdah,LY,31.4451,12.9801,53.73,42,4,6.38,clear sky,2022-03-14 01:31:36
239,Erenhot,CN,43.6475,111.9767,34.9,51,100,11.39,overcast clouds,2022-03-14 01:31:36
240,Ahipara,NZ,-35.1667,173.1667,73.98,58,3,5.03,clear sky,2022-03-14 01:31:37
241,Kahului,US,20.8947,-156.47,84.22,51,0,18.41,clear sky,2022-03-14 01:31:37
242,Gusau,NG,12.1628,6.6614,75.76,18,100,10.4,overcast clouds,2022-03-14 01:31:38
243,Huron,US,41.1501,-82.5499,40.66,70,3,10.42,clear sky,2022-03-14 01:31:38
244,Naukot,PK,24.8587,69.4024,76.03,38,5,10.45,clear sky,2022-03-14 01:31:39
245,Mahebourg,MU,-20.4081,57.7,78.26,94,40,5.75,scattered clouds,2022-03-14 01:31:39
246,Shirokiy,RU,49.758,129.523,21.69,83,100,6.44,overcast clouds,2022-03-14 01:31:40
247,Mangrol,IN,21.1167,70.1167,77.63,46,4,8.32,clear sky,2022-03-14 01:31:40
248,Bethel,US,41.3712,-73.414,28.49,71,100,10.36,overcast clouds,2022-03-14 01:31:41
249,College,US,64.8569,-147.8028,16.47,37,20,6.91,few clouds,2022-03-14 01:31:41
250,Svetlogorsk,BY,52.6333,29.7333,28.38,75,12,4.83,few clouds,2022-03-14 01:31:42
251,Topchikha,RU,52.8192,83.1185,-1.46,94,92,7.07,overcast clouds,2022-03-14 01:31:42
252,Porto Novo,BJ,6.4965,2.6036,80.56,81,21,5.55,few clouds,2022-03-14 01:31:43
253,Asyut,EG,27.181,31.1837,46.87,53,0,15.79,clear sky,2022-03-14 01:31:44
254,Hirara,JP,24.8,125.2833,75.47,73,20,4.61,few clouds,2022-03-14 01:31:44
255,Berlevag,NO,70.8578,29.0864,34.77,86,81,13.65,broken clouds,2022-03-14 01:31:45
256,Hikari,JP,33.955,131.95,64.38,89,90,3.04,overcast clouds,2022-03-14 01:31:45
257,Koslan,RU,63.4564,48.8989,12.22,96,91,5.7,overcast clouds,2022-03-14 01:31:46
258,Leh,IN,34.1667,77.5833,11.3,58,5,2.66,clear sky,2022-03-14 01:31:46
259,Isangel,VU,-19.55,169.2667,85.73,66,71,2.04,broken clouds,2022-03-14 01:31:47
260,Port Blair,IN,11.6667,92.75,78.84,89,40,1.14,mist,2022-03-14 01:31:47
261,Marzuq,YE,14.4,46.4667,60.71,41,10,5.73,clear sky,2022-03-14 01:31:48
262,Puerto Quijarro,BO,-17.7833,-57.7667,71.35,96,71,3.18,broken clouds,2022-03-14 01:31:48
263,Oranjemund,NA,-28.55,16.4333,60.87,71,22,18.01,few clouds,2022-03-14 01:31:48
264,Georgetown,MY,5.4112,100.3354,82.33,87,20,2.3,few clouds,2022-03-14 01:31:49
265,Poum,NC,-20.2333,164.0167,82.24,76,96,8.95,overcast clouds,2022-03-14 01:31:50
266,Dikson,RU,73.5069,80.5464,-5.13,98,100,16.2,light snow,2022-03-14 01:31:50
267,Mount Isa,AU,-20.7333,139.5,92.97,40,0,11.5,clear sky,2022-03-14 01:31:50
268,San Quintin,MX,30.4833,-115.95,58.39,78,0,17.45,clear sky,2022-03-14 01:31:51
269,Salihorsk,BY,52.7876,27.5415,28.62,81,9,5.35,clear sky,2022-03-14 01:31:51
270,Tuy Hoa,VN,13.0833,109.3,80.19,74,95,4.09,overcast clouds,2022-03-14 01:31:52
271,Kerikeri,NZ,-35.2268,173.9474,79.92,62,18,9.19,few clouds,2022-03-14 01:31:41
272,Bambous Virieux,MU,-20.3428,57.7575,78.22,94,40,5.75,light rain,2022-03-14 01:31:53
273,Maumere,ID,-8.6199,122.2111,85.46,68,34,2.3,scattered clouds,2022-03-14 01:31:53
274,Mount Darwin,ZW,-16.7725,31.5838,62.73,98,34,2.44,scattered clouds,2022-03-14 01:31:54
275,Thetford Mines,CA,46.0913,-71.3013,15.28,94,94,6.87,light snow,2022-03-14 01:30:25
276,Pandamatenga,BW,-18.5278,25.627,65.37,85,80,5.01,broken clouds,2022-03-14 01:31:55
277,Gunjur,GM,13.2019,-16.7339,68.58,72,0,8.9,clear sky,2022-03-14 01:31:55
278,Constantine,DZ,36.365,6.6147,50.14,68,100,4.05,overcast clouds,2022-03-14 01:31:55
279,Padang,ID,-0.9492,100.3543,77.05,85,93,2.55,light rain,2022-03-14 01:31:56
280,Fraijanes,GT,14.4653,-90.4408,64.47,81,75,13.8,broken clouds,2022-03-14 01:31:57
281,Canutama,BR,-6.5339,-64.3831,72.3,99,100,2.13,overcast clouds,2022-03-14 01:31:57
282,Constitucion,CL,-35.3333,-72.4167,59.92,78,0,1.97,clear sky,2022-03-14 01:30:56
283,Ihosy,MG,-22.4,46.1167,65.79,93,92,8.7,overcast clouds,2022-03-14 01:31:58
284,Portland,US,45.5234,-122.6762,51.91,84,100,13.8,overcast clouds,2022-03-14 01:27:39
285,Luderitz,NA,-26.6481,15.1594,62.64,68,0,27.89,clear sky,2022-03-14 01:31:58
286,Sumbe,AO,-11.2061,13.8437,77.81,87,100,4.52,overcast clouds,2022-03-14 01:31:59
287,Puerto Escondido,MX,15.85,-97.0667,79.63,73,20,0.0,few clouds,2022-03-14 01:31:59
288,Filadelfia,US,39.9523,-75.1638,36.05,51,100,1.99,overcast clouds,2022-03-14 01:27:34
289,Talnakh,RU,69.4865,88.3972,-7.8,94,100,7.92,overcast clouds,2022-03-14 01:32:00
290,Evensk,RU,61.95,159.2333,19.78,75,0,2.28,clear sky,2022-03-14 01:32:01
291,La Palma,US,33.8464,-118.0467,69.91,61,0,10.36,clear sky,2022-03-14 01:32:01
292,Corinto,GR,37.9407,22.9573,38.41,73,95,0.6,overcast clouds,2022-03-14 01:32:02
293,Vostok,RU,46.4856,135.8833,29.95,82,100,1.63,overcast clouds,2022-03-14 01:32:02
294,Ust-Maya,RU,60.4167,134.5333,7.0,89,100,0.65,overcast clouds,2022-03-14 01:32:03
295,Felipe Carrillo Puerto,MX,19.5833,-88.05,72.28,69,98,5.23,overcast clouds,2022-03-14 01:32:03
296,Longyearbyen,SJ,78.2186,15.6401,31.84,80,40,4.61,scattered clouds,2022-03-14 01:32:04
297,Cherskiy,RU,68.75,161.3,-5.76,92,100,3.13,overcast clouds,2022-03-14 01:32:04
298,Yarensk,RU,62.1675,49.0916,18.93,95,99,6.98,light snow,2022-03-14 01:32:05
299,Kromy,RU,52.6876,35.7667,24.91,95,96,12.03,light snow,2022-03-14 01:32:06
300,Aksay,RU,47.26,39.87,29.25,39,6,4.0,clear sky,2022-03-14 01:32:06
301,Santa Cruz Del Sur,CU,20.7147,-77.9956,76.03,84,5,16.89,light rain,2022-03-14 01:32:07
302,Biltine,TD,14.5333,20.9167,74.89,14,3,14.18,clear sky,2022-03-14 01:32:07
303,San Ramon,US,37.7799,-121.978,60.93,52,0,9.22,clear sky,2022-03-14 01:32:07
304,Kayerkan,RU,69.3497,87.7602,-8.48,76,100,5.01,overcast clouds,2022-03-14 01:32:08
305,Pevek,RU,69.7008,170.3133,-9.69,96,94,4.47,overcast clouds,2022-03-14 01:32:08
306,Castro,BR,-24.7911,-50.0119,63.39,98,100,0.63,overcast clouds,2022-03-14 01:32:09
307,Zhaoyang,CN,42.682,126.0305,33.33,99,100,3.78,light snow,2022-03-14 01:32:10
308,Lashio,MM,22.9333,97.75,80.91,33,24,1.07,few clouds,2022-03-14 01:32:11
309,Gamba,GA,-2.65,10.0,76.6,91,100,4.7,light rain,2022-03-14 01:32:11
310,Akdepe,TM,42.0551,59.3788,35.69,50,100,9.26,overcast clouds,2022-03-14 01:32:12
311,Kollam,IN,8.8833,76.6,77.56,65,38,7.09,scattered clouds,2022-03-14 01:32:12
312,Mayya,RU,61.7333,130.2811,0.72,86,100,5.23,overcast clouds,2022-03-14 01:32:12
313,Verkhoyansk,RU,67.5447,133.385,-6.07,92,100,2.42,overcast clouds,2022-03-14 01:32:13
314,Bengkulu,ID,-3.8004,102.2655,77.49,88,100,5.55,overcast clouds,2022-03-14 01:32:13
315,Kirriemuir,GB,56.674,-3.0034,44.92,89,100,6.42,overcast clouds,2022-03-14 01:32:14
316,Storforshei,NO,66.4043,14.5233,30.85,69,100,4.23,overcast clouds,2022-03-14 01:32:15
317,Prescott,US,34.54,-112.4685,55.27,19,0,13.8,clear sky,2022-03-14 01:32:15
318,Flin Flon,CA,54.7682,-101.865,6.64,84,100,10.11,overcast clouds,2022-03-14 01:32:16
319,Breyten,ZA,-26.3018,29.987,54.77,83,18,4.03,few clouds,2022-03-14 01:32:16
320,Narsaq,GL,60.9167,-46.05,28.62,61,100,16.24,light snow,2022-03-14 01:32:17
321,Lagoa,PT,39.05,-27.9833,55.26,62,98,9.82,overcast clouds,2022-03-14 01:32:17
322,Rorvik,NO,64.8621,11.2373,39.13,73,96,12.88,overcast clouds,2022-03-14 01:32:18
323,Aripuana,BR,-9.1667,-60.6333,72.7,98,100,1.59,overcast clouds,2022-03-14 01:32:18
324,Umba,RU,66.6871,34.3429,25.11,94,100,6.4,overcast clouds,2022-03-14 01:32:19
325,Gornoye Loo,RU,43.7129,39.6049,29.98,76,8,5.7,clear sky,2022-03-14 01:32:19
326,Saint-Francois,FR,46.4154,3.9054,36.84,93,0,3.44,clear sky,2022-03-14 01:32:20
327,Taoudenni,ML,22.6783,-3.9836,72.95,10,0,4.52,clear sky,2022-03-14 01:32:20
328,Somerset,US,40.5668,-74.5496,31.12,72,100,1.01,overcast clouds,2022-03-14 01:30:03
329,Lucea,JM,18.451,-78.1736,80.46,80,5,11.39,clear sky,2022-03-14 01:32:21
330,Shahr-E Babak,IR,30.1165,55.1186,55.31,38,26,4.12,scattered clouds,2022-03-14 01:32:22
331,Yomou,GN,7.5603,-9.2653,71.87,97,100,3.02,overcast clouds,2022-03-14 01:32:22
332,Tarakan,ID,3.3,117.6333,80.04,75,97,4.38,overcast clouds,2022-03-14 01:32:23
333,Mexico,PH,15.0646,120.7198,90.75,51,30,6.35,scattered clouds,2022-03-14 01:30:13
334,Neuruppin,DE,52.9282,12.8031,40.98,65,0,8.81,clear sky,2022-03-14 01:32:23
335,Kankaanpaa,FI,61.8,22.4167,23.76,91,12,3.67,few clouds,2022-03-14 01:32:24
336,Hambantota,LK,6.1241,81.1185,78.73,77,51,9.15,broken clouds,2022-03-14 01:32:25
337,Shenjiamen,CN,29.9576,122.298,58.98,90,85,7.14,overcast clouds,2022-03-14 01:32:25
338,Sedan,FR,49.6667,5.0,43.72,93,100,11.1,overcast clouds,2022-03-14 01:32:26
339,Una,IN,20.8167,71.0333,79.16,30,2,4.59,clear sky,2022-03-14 01:32:26
340,Pitea,SE,65.3172,21.4794,21.29,100,100,3.06,overcast clouds,2022-03-14 01:28:45
341,Takhtamygda,RU,54.1,123.5667,17.47,66,100,4.36,overcast clouds,2022-03-14 01:32:27
342,Nuuk,GL,64.1835,-51.7216,7.41,61,100,20.71,light snow,2022-03-14 01:32:28
343,Serebryansk,KZ,49.6925,83.2892,19.98,94,97,3.31,light snow,2022-03-14 01:32:28
344,Hamilton,US,39.1834,-84.5333,46.35,57,0,10.36,clear sky,2022-03-14 01:30:54
345,Balikpapan,ID,-1.2675,116.8289,83.39,84,20,4.61,few clouds,2022-03-14 01:32:29
346,Sao Lourenco Do Sul,BR,-31.3653,-51.9783,66.45,84,100,5.12,overcast clouds,2022-03-14 01:28:49
347,Vestmannaeyjar,IS,63.4427,-20.2734,40.96,58,100,20.18,overcast clouds,2022-03-14 01:32:30
348,Punta Cardon,VE,11.6581,-70.215,78.03,77,56,23.22,broken clouds,2022-03-14 01:32:30
349,Sioux Lookout,CA,50.1001,-91.917,15.87,67,75,5.75,broken clouds,2022-03-14 01:32:31
350,Kloulklubed,PW,7.0419,134.2556,82.9,76,43,15.39,scattered clouds,2022-03-14 01:32:31
351,Daru,PG,-9.0763,143.2092,88.2,64,39,6.26,scattered clouds,2022-03-14 01:32:32
352,Churachandpur,IN,24.3333,93.6667,73.94,29,91,1.05,overcast clouds,2022-03-14 01:32:32
353,Honiara,SB,-9.4333,159.95,86.13,69,50,4.99,scattered clouds,2022-03-14 01:32:33
354,Morant Bay,JM,17.8815,-76.4093,82.02,83,6,10.47,clear sky,2022-03-14 01:32:33
355,Lodwar,KE,3.1191,35.5973,85.12,36,94,2.93,overcast clouds,2022-03-14 01:32:34
356,Acarau,BR,-2.8856,-40.12,77.94,83,99,7.07,overcast clouds,2022-03-14 01:31:08
357,Raga,SS,8.4596,25.678,74.34,21,99,4.52,overcast clouds,2022-03-14 01:32:34
358,Ornskoldsvik,SE,63.2909,18.7153,20.35,86,73,3.44,broken clouds,2022-03-14 01:32:35
359,Acapulco,MX,16.8634,-99.8901,76.82,73,20,6.91,few clouds,2022-03-14 01:32:36
360,Boende,CD,-0.2167,20.8667,71.01,91,100,2.37,overcast clouds,2022-03-14 01:32:36
361,Coihaique,CL,-45.5752,-72.0662,53.55,66,75,10.36,broken clouds,2022-03-14 01:32:37
362,Opuwo,NA,-18.0607,13.84,63.36,87,100,6.64,overcast clouds,2022-03-14 01:32:37
363,Kavaratti,IN,10.5669,72.642,83.14,72,43,6.71,scattered clouds,2022-03-14 01:32:38
364,Hare Bay,CA,48.8499,-54.0148,20.55,66,100,20.8,overcast clouds,2022-03-14 01:32:38
365,Brus,RS,43.3836,21.0336,24.49,77,2,4.07,clear sky,2022-03-14 01:32:39
366,Hohhot,CN,40.8106,111.6522,39.49,48,0,6.71,clear sky,2022-03-14 01:32:39
367,Venkatagiri,IN,13.9667,79.5833,72.07,50,64,1.23,broken clouds,2022-03-14 01:32:40
368,Fare,PF,-16.7,-151.0167,81.9,72,15,10.04,few clouds,2022-03-14 01:32:40
369,Havelock,US,34.8791,-76.9013,45.93,69,0,3.0,clear sky,2022-03-14 01:30:07
370,Lulea,SE,65.5842,22.1547,21.27,93,100,0.0,fog,2022-03-14 01:32:41
371,Castro Marim,PT,37.2207,-7.4435,55.29,66,100,4.97,light rain,2022-03-14 01:32:41
372,Asau,RO,46.4333,26.4,29.32,96,71,3.15,broken clouds,2022-03-14 01:32:42
373,Magalia,US,39.8121,-121.5783,58.55,63,27,2.75,scattered clouds,2022-03-14 01:32:42
374,Saint-Augustin,CA,51.226,-58.6502,11.21,72,100,20.29,overcast clouds,2022-03-14 01:32:43
375,Churapcha,RU,62.0025,132.4325,2.21,88,100,4.25,overcast clouds,2022-03-14 01:32:43
376,Murud,IN,18.3258,72.965,79.66,34,12,5.64,few clouds,2022-03-14 01:32:44
377,Kutum,SD,14.2,24.6667,62.04,20,1,6.71,clear sky,2022-03-14 01:32:44
378,Bontang,ID,0.1333,117.5,82.09,70,62,1.52,broken clouds,2022-03-14 01:32:44
379,Sabya,SA,17.1495,42.6254,80.22,74,1,4.94,clear sky,2022-03-14 01:32:45
380,Skeldon,GY,5.8833,-57.1333,74.57,93,74,5.01,broken clouds,2022-03-14 01:32:45
381,Palekh,RU,56.8028,41.8572,19.62,93,12,7.65,few clouds,2022-03-14 01:32:46
382,Hauterive,FR,46.0901,3.4459,38.16,92,0,3.71,clear sky,2022-03-14 01:32:46
383,Port Said,EG,31.2565,32.2841,52.66,54,100,13.94,overcast clouds,2022-03-14 01:32:47
384,Enfield,AU,-34.8526,138.6026,97.36,25,51,3.0,broken clouds,2022-03-14 01:32:47
385,Marau,BR,-28.4492,-52.2,61.5,98,100,2.66,overcast clouds,2022-03-14 01:32:48
386,Bahia Blanca,AR,-38.7196,-62.2724,68.97,43,1,9.19,clear sky,2022-03-14 01:32:49
387,Warwick,US,41.7001,-71.4162,34.09,55,40,8.05,scattered clouds,2022-03-14 01:32:09
388,Vila,PT,42.0304,-8.1588,36.48,94,96,4.23,overcast clouds,2022-03-14 01:32:49
389,Roebourne,AU,-20.7833,117.1333,95.31,40,0,6.78,clear sky,2022-03-14 01:31:18
390,Tuatapere,NZ,-46.1333,167.6833,65.32,66,79,8.03,broken clouds,2022-03-14 01:32:50
391,Provideniya,RU,64.3833,-173.3,23.36,50,0,8.99,clear sky,2022-03-14 01:32:50
392,Kidal,ML,18.4411,1.4078,74.7,9,0,12.26,clear sky,2022-03-14 01:32:51
393,Santa Rita,BR,-7.1139,-34.9781,79.47,89,40,3.44,scattered clouds,2022-03-14 01:32:51
394,Morondava,MG,-20.2833,44.2833,77.92,83,99,5.7,overcast clouds,2022-03-14 01:32:52
395,Beitbridge,ZW,-22.2167,30.0,70.75,66,8,1.3,clear sky,2022-03-14 01:32:52
396,Sangar,RU,63.9242,127.4739,-3.24,92,100,3.98,overcast clouds,2022-03-14 01:32:53
397,Maine-Soroa,NE,13.2114,12.0241,71.71,13,100,10.47,overcast clouds,2022-03-14 01:32:53
398,Parry Sound,CA,45.3501,-80.033,26.65,93,100,10.18,overcast clouds,2022-03-14 01:32:54
399,Kumba,CM,4.6363,9.4469,74.07,91,93,1.12,overcast clouds,2022-03-14 01:32:54
400,Rudbar,AF,30.15,62.6,72.19,39,84,4.94,broken clouds,2022-03-14 01:32:55
401,Davila,PH,18.4726,120.5763,85.98,69,23,3.06,few clouds,2022-03-14 01:32:55
402,Male,MV,4.1748,73.5089,82.35,83,40,4.61,scattered clouds,2022-03-14 01:31:01
403,Souillac,MU,-20.5167,57.5167,77.38,94,40,5.75,light rain,2022-03-14 01:32:56
404,Vila Franca Do Campo,PT,37.7167,-25.4333,55.2,64,100,14.79,overcast clouds,2022-03-14 01:32:56
405,Balabac,PH,7.9868,117.0645,84.29,72,84,7.09,broken clouds,2022-03-14 01:32:57
406,Husavik,IS,66.0449,-17.3389,20.48,76,1,14.45,clear sky,2022-03-14 01:32:57
407,Cuamba,MZ,-14.8031,36.5372,67.84,99,98,2.91,light rain,2022-03-14 01:32:58
408,Rodrigues Alves,BR,-7.738,-72.6509,70.68,98,97,1.48,overcast clouds,2022-03-14 01:32:58
409,Gaoual,GN,11.75,-13.2,75.97,53,100,2.91,overcast clouds,2022-03-14 01:32:59
410,Yerbogachen,RU,61.2767,108.0108,-8.3,95,98,2.77,overcast clouds,2022-03-14 01:32:59
411,Araouane,ML,18.9048,-3.5265,70.88,9,0,8.48,clear sky,2022-03-14 01:33:00
412,Xunchang,CN,28.4543,104.715,77.38,59,47,5.59,scattered clouds,2022-03-14 01:33:00
413,Coquimbo,CL,-29.9533,-71.3436,60.53,94,20,6.91,few clouds,2022-03-14 01:33:01
414,Thayetmyo,MM,19.3167,95.1833,88.25,28,99,4.76,overcast clouds,2022-03-14 01:33:01
415,Ahmadpur East,PK,29.1431,71.2598,78.48,27,0,3.04,clear sky,2022-03-14 01:33:02
416,Lorengau,PG,-2.0226,147.2712,84.04,76,62,8.86,broken clouds,2022-03-14 01:33:02
417,Wagga Wagga,AU,-35.1167,147.3667,83.84,44,39,4.61,scattered clouds,2022-03-14 01:33:03
418,Prado,BR,-17.3411,-39.2208,77.47,86,98,5.41,overcast clouds,2022-03-14 01:33:03
419,Lata,PT,40.1629,-8.3327,46.08,86,100,4.41,overcast clouds,2022-03-14 01:33:04
420,Kurumkan,RU,54.3,110.3,1.58,86,50,1.92,scattered clouds,2022-03-14 01:33:04
421,Bure,ET,10.7,37.0667,60.76,66,100,2.21,overcast clouds,2022-03-14 01:33:05
422,Prestea,GH,5.4327,-2.1428,72.81,93,100,1.23,overcast clouds,2022-03-14 01:33:06
423,Kedrovyy,RU,56.1667,91.8167,-15.14,94,67,5.84,broken clouds,2022-03-14 01:33:06
424,Aliwal North,ZA,-30.6937,26.7114,59.77,83,100,0.74,overcast clouds,2022-03-14 01:33:07
425,Ormara,PK,25.2088,64.6357,76.6,70,5,8.66,clear sky,2022-03-14 01:33:08
426,Brae,GB,60.3964,-1.353,45.54,91,100,25.1,overcast clouds,2022-03-14 01:33:08
427,Harper,LR,4.375,-7.7169,79.32,85,98,5.03,overcast clouds,2022-03-14 01:33:09
428,Mildura,AU,-34.2,142.15,78.76,47,100,19.57,light rain,2022-03-14 01:33:09
429,Lusambo,CD,-4.9667,23.45,67.98,97,100,0.56,overcast clouds,2022-03-14 01:33:10
430,Abashiri,JP,44.0213,144.2697,34.09,86,75,11.5,broken clouds,2022-03-14 01:33:10
431,Kibala,TD,9.1104,18.3463,84.65,32,49,3.47,scattered clouds,2022-03-14 01:33:11
432,Margate,GB,51.3813,1.3862,46.31,92,90,1.01,overcast clouds,2022-03-14 01:33:11
433,Sakaiminato,JP,35.55,133.2333,53.53,100,75,8.05,light intensity drizzle,2022-03-14 01:33:12
434,Koupela,BF,12.1794,-0.3517,85.86,17,85,10.27,overcast clouds,2022-03-14 01:33:12
435,High Level,CA,58.5169,-117.136,3.31,51,20,4.61,few clouds,2022-03-14 01:30:20
436,Bolotnoye,RU,55.6717,84.3981,-4.13,92,9,11.63,clear sky,2022-03-14 01:33:13
437,Tutoia,BR,-2.7619,-42.2744,78.69,85,100,7.85,overcast clouds,2022-03-14 01:33:14
438,San Patricio,US,28.017,-97.5169,64.26,75,92,8.75,overcast clouds,2022-03-14 01:33:14
439,Kiama,AU,-34.6833,150.8667,74.68,77,37,6.02,light rain,2022-03-14 01:30:04
440,Eisenerz,AT,47.5333,14.8833,28.44,63,2,4.14,clear sky,2022-03-14 01:33:15
441,Necochea,AR,-38.5473,-58.7368,58.55,87,0,7.56,clear sky,2022-03-14 01:33:16
442,Port Hardy,CA,50.6996,-127.4199,46.58,81,100,14.97,light intensity shower rain,2022-03-14 01:33:16
443,Miramar,US,25.9873,-80.2323,70.02,61,75,12.66,broken clouds,2022-03-14 01:33:17
444,Luba,GQ,3.4568,8.5547,76.89,79,93,3.76,light rain,2022-03-14 01:33:17
445,Rio Grande,BR,-32.035,-52.0986,64.94,74,96,3.51,overcast clouds,2022-03-14 01:33:18
446,Barraute,CA,48.4335,-77.6328,19.67,98,100,2.59,overcast clouds,2022-03-14 01:33:18
447,Manokwari,ID,-0.8667,134.0833,83.53,73,50,5.17,scattered clouds,2022-03-14 01:33:19
448,York,US,40.1254,-77.0,34.79,48,100,3.44,overcast clouds,2022-03-14 01:33:19
449,Tura,IN,25.5198,90.2201,80.46,21,2,1.66,clear sky,2022-03-14 01:33:20
450,Great Bend,US,38.3645,-98.7648,60.93,19,0,18.41,clear sky,2022-03-14 01:33:02
451,Sycamore,US,41.9889,-88.6868,44.11,79,0,5.75,clear sky,2022-03-14 01:33:20
452,Naryan-Mar,RU,67.6713,53.087,-7.67,100,99,4.18,overcast clouds,2022-03-14 01:33:21
453,Dire,ML,12.2833,-10.9667,80.15,16,96,1.16,overcast clouds,2022-03-14 01:33:21
454,Sao Filipe,CV,14.8961,-24.4956,71.17,72,0,15.79,clear sky,2022-03-14 01:33:22
455,Nhulunbuy,AU,-12.2333,136.7667,77.61,94,100,6.91,moderate rain,2022-03-14 01:33:22
456,Severnyy,RU,50.677,36.5532,15.84,79,0,8.95,clear sky,2022-03-14 01:33:23
457,Sena Madureira,BR,-9.0656,-68.6569,70.79,98,100,1.97,overcast clouds,2022-03-14 01:33:23
458,Amuntai,ID,-2.4177,115.2494,86.5,64,57,1.3,broken clouds,2022-03-14 01:33:24
459,Sahuaripa,MX,29.05,-109.2333,64.62,13,0,4.72,clear sky,2022-03-14 01:33:24
460,Tubmanburg,LR,6.8708,-10.8172,75.07,98,100,3.65,overcast clouds,2022-03-14 01:33:25
461,Olafsvik,IS,64.8945,-23.7142,38.57,74,100,25.43,overcast clouds,2022-03-14 01:33:25
462,Vrangel,RU,42.7297,133.0839,35.82,79,79,11.14,broken clouds,2022-03-14 01:33:26
463,Tsarychanka,UA,48.937,34.4786,27.28,81,32,4.74,scattered clouds,2022-03-14 01:33:27
464,Jacmel,HT,18.2342,-72.5347,76.84,83,56,1.28,broken clouds,2022-03-14 01:33:27
465,Ibra,OM,22.6906,58.5334,70.65,35,31,3.11,scattered clouds,2022-03-14 01:33:28
466,Abu Dhabi,AE,24.4667,54.3667,75.96,81,0,0.0,clear sky,2022-03-14 01:33:28
467,Samarai,PG,-10.6167,150.6667,85.69,69,56,15.79,broken clouds,2022-03-14 01:33:29
468,Minas,UY,-34.3759,-55.2377,55.08,92,0,5.88,clear sky,2022-03-14 01:33:29
469,Kasulu,TZ,-4.5767,30.1025,61.95,95,100,3.24,overcast clouds,2022-03-14 01:33:30
470,Auki,SB,-8.7676,160.7034,86.49,63,66,4.36,broken clouds,2022-03-14 01:33:31
471,Korla,CN,41.7597,86.1469,53.24,33,100,8.7,overcast clouds,2022-03-14 01:33:31
472,Natal,BR,-5.795,-35.2094,79.02,94,40,2.3,scattered clouds,2022-03-14 01:33:32
473,Mezen,RU,65.8522,44.24,6.1,99,76,4.18,broken clouds,2022-03-14 01:33:32
474,Jizan,SA,17.3333,42.6667,79.74,75,1,4.09,clear sky,2022-03-14 01:33:33
475,Aksehir,TR,38.3575,31.4164,10.38,83,21,1.05,few clouds,2022-03-14 01:33:33
476,Caxito,AO,-8.5785,13.6643,75.2,90,100,2.84,overcast clouds,2022-03-14 01:33:34
477,Ndola,ZM,-12.9587,28.6366,59.5,98,100,3.22,overcast clouds,2022-03-14 01:33:35
478,Valparaiso,CL,-33.0393,-71.6273,62.47,79,100,8.05,haze,2022-03-14 01:32:16
479,Ilulissat,GL,69.2167,-51.1,3.22,78,100,5.75,overcast clouds,2022-03-14 01:33:35
480,Alice Springs,AU,-23.7,133.8833,90.95,14,3,6.91,clear sky,2022-03-14 01:33:36
481,Kamennomostskiy,RU,44.2983,40.1856,17.46,90,77,4.32,broken clouds,2022-03-14 01:33:36
482,Rawson,AR,-43.3002,-65.1023,62.22,54,44,4.38,scattered clouds,2022-03-14 01:33:37
483,Gushikawa,JP,26.3544,127.8686,74.79,69,75,0.0,broken clouds,2022-03-14 01:33:37
484,Belen,TR,36.4891,36.2233,26.74,100,40,6.91,scattered clouds,2022-03-14 01:33:38
485,Pringsewu,ID,-5.3582,104.9744,80.47,86,91,0.72,overcast clouds,2022-03-14 01:33:38
486,Suez,EG,29.9737,32.5263,44.83,62,5,9.48,clear sky,2022-03-14 01:33:39
487,Muisne,EC,0.6,-80.0333,76.96,88,38,2.46,scattered clouds,2022-03-14 01:33:40
488,Umm Kaddadah,SD,13.6017,26.6876,66.65,17,7,16.17,clear sky,2022-03-14 01:33:40
489,Katobu,ID,-4.9408,122.5276,83.46,80,60,1.23,broken clouds,2022-03-14 01:33:41
490,Porto Torres,IT,40.835,8.3972,44.78,86,100,4.61,overcast clouds,2022-03-14 01:33:41
491,Cidreira,BR,-30.1811,-50.2056,69.75,86,100,11.39,overcast clouds,2022-03-14 01:33:42
492,El Alto,PE,-4.2714,-81.2147,75.92,81,88,6.73,overcast clouds,2022-03-14 01:33:42
493,Eureka,US,40.8021,-124.1637,55.74,72,100,4.0,overcast clouds,2022-03-14 01:33:43
494,Eenhana,NA,-17.4667,16.3333,64.2,96,96,7.0,overcast clouds,2022-03-14 01:33:43
495,Birao,CF,10.2849,22.7882,73.27,18,43,6.96,scattered clouds,2022-03-14 01:33:44
496,Beckley,US,37.7782,-81.1882,36.01,48,0,10.36,clear sky,2022-03-14 01:29:54
497,Soe,ID,-9.8607,124.284,79.81,62,85,3.71,overcast clouds,2022-03-14 01:33:44
498,Palmer,US,42.1584,-72.3287,30.09,47,40,13.8,scattered clouds,2022-03-14 01:31:08
499,Tsabong,BW,-26.0217,22.401,66.25,86,100,13.82,light rain,2022-03-14 01:33:45
500,Majene,ID,-3.5403,118.9707,85.48,63,12,0.69,few clouds,2022-03-14 01:33:46
501,Redlands,US,34.0556,-117.1825,67.26,47,40,17.27,scattered clouds,2022-03-14 01:29:48
502,Duiwelskloof,ZA,-23.6934,30.14,67.26,63,14,3.29,few clouds,2022-03-14 01:33:46
503,Staryy Nadym,RU,65.6118,72.6842,-4.0,100,93,8.01,overcast clouds,2022-03-14 01:33:47
504,Hay River,CA,60.8156,-115.7999,-4.02,54,20,6.91,few clouds,2022-03-14 01:30:25
505,Zhangjiakou,CN,40.81,114.8794,44.64,33,0,13.67,clear sky,2022-03-14 01:33:47
506,Meulaboh,ID,4.1363,96.1285,79.68,84,55,3.83,broken clouds,2022-03-14 01:33:48
507,Izumo,JP,35.3667,132.7667,53.49,94,75,4.61,broken clouds,2022-03-14 01:33:48
508,Green River,US,41.5286,-109.4662,36.99,71,100,8.01,overcast clouds,2022-03-14 01:33:49
509,Gigmoto,PH,13.7796,124.39,83.89,74,77,5.5,broken clouds,2022-03-14 01:33:49
510,Mogadishu,SO,2.0371,45.3438,78.26,80,99,17.22,overcast clouds,2022-03-14 01:33:45
511,Porto Santo,PT,33.072,-16.3415,52.18,76,75,27.63,broken clouds,2022-03-14 01:33:50
512,San-Pedro,CI,4.7485,-6.6363,78.01,90,60,4.16,broken clouds,2022-03-14 01:33:50
513,Sao Francisco,BR,-15.9486,-44.8644,75.09,69,99,1.66,light rain,2022-03-14 01:33:51
514,The Valley,AI,18.217,-63.0578,75.06,78,1,23.67,clear sky,2022-03-14 01:33:51
515,Saint-Pierre,RE,-21.3393,55.4781,76.91,91,100,17.27,overcast clouds,2022-03-14 01:33:52
516,Teguise,ES,29.0605,-13.564,59.22,82,75,10.36,light intensity drizzle,2022-03-14 01:33:52
517,Sterling,US,39.0062,-77.4286,39.15,62,20,3.44,few clouds,2022-03-14 01:33:31
518,Axim,GH,4.8699,-2.2405,74.82,86,100,4.27,overcast clouds,2022-03-14 01:33:53
519,Marfino,RU,55.7028,37.3822,34.05,75,75,6.71,light snow,2022-03-14 01:33:53
520,Severodvinsk,RU,64.5635,39.8302,28.51,98,65,4.5,broken clouds,2022-03-14 01:33:54
521,Bintulu,MY,3.1667,113.0333,81.01,94,75,3.44,broken clouds,2022-03-14 01:33:54
522,Maningrida,AU,-12.0667,134.2667,83.77,72,100,10.94,moderate rain,2022-03-14 01:33:55
523,Pilar,BR,-9.5972,-35.9567,75.13,83,96,3.78,overcast clouds,2022-03-14 01:33:55
524,Khargapur,IN,24.823,79.144,75.18,24,0,3.96,clear sky,2022-03-14 01:33:56
525,Skjervoy,NO,70.0311,20.9714,38.48,65,79,11.83,broken clouds,2022-03-14 01:33:56
526,Port Lincoln,AU,-34.7333,135.8667,78.71,50,28,9.55,scattered clouds,2022-03-14 01:33:57
527,Elizabeth City,US,36.2946,-76.2511,41.99,66,0,10.36,clear sky,2022-03-14 01:33:03
528,Trincomalee,LK,8.5711,81.2335,80.91,70,99,11.56,overcast clouds,2022-03-14 01:33:58
529,Kampot,KH,10.6167,104.1833,84.25,69,96,7.56,overcast clouds,2022-03-14 01:33:58
530,Fortuna,US,40.5982,-124.1573,54.93,65,0,11.5,clear sky,2022-03-14 01:32:56
531,Puerto Padre,CU,21.195,-76.6028,76.44,82,6,11.3,clear sky,2022-03-14 01:33:59
532,Broken Hill,AU,-31.95,141.4333,67.71,88,75,11.5,light rain,2022-03-14 01:34:00
533,Batticaloa,LK,7.7102,81.6924,80.01,76,83,7.78,broken clouds,2022-03-14 01:34:00
534,Leningradskiy,RU,69.3833,178.4167,-2.02,93,85,9.04,overcast clouds,2022-03-14 01:34:01
535,Plettenberg Bay,ZA,-34.0527,23.3716,59.85,82,100,14.83,light rain,2022-03-14 01:34:01
536,Tomatlan,MX,19.9333,-105.25,66.07,90,10,2.06,clear sky,2022-03-14 01:34:02
537,Chumikan,RU,54.7183,135.315,20.5,83,92,7.83,overcast clouds,2022-03-14 01:34:02
538,Kaeo,NZ,-35.1,173.7833,77.32,68,17,10.49,few clouds,2022-03-14 01:34:03
539,Vila Velha,BR,-20.3297,-40.2925,78.75,90,20,5.75,few clouds,2022-03-14 01:32:04
540,Autazes,BR,-3.5797,-59.1306,73.98,98,100,1.99,heavy intensity rain,2022-03-14 01:34:04
541,Cumaru,BR,-8.0061,-35.6972,73.35,88,83,3.33,broken clouds,2022-03-14 01:34:04
542,Port-Gentil,GA,-0.7193,8.7815,81.37,79,99,7.58,light rain,2022-03-14 01:34:05
543,Biak,ID,-0.9131,122.8766,81.39,73,75,0.65,broken clouds,2022-03-14 01:34:05
544,Avera,US,33.194,-82.5271,42.55,36,1,5.21,clear sky,2022-03-14 01:34:06
545,Baicheng,CN,45.6167,122.8167,32.59,50,100,12.08,overcast clouds,2022-03-14 01:34:06
546,Changtu,CN,42.7788,124.0955,33.75,99,100,7.43,snow,2022-03-14 01:34:07
547,Lokoja,NG,7.8024,6.743,79.77,64,34,2.04,scattered clouds,2022-03-14 01:34:07
548,Moyale,KE,3.5167,39.0584,70.56,45,83,5.75,broken clouds,2022-03-14 01:34:08
549,Ambulu,ID,-8.345,113.6058,84.49,71,97,0.74,overcast clouds,2022-03-14 01:34:08
550,Las Vegas,US,36.175,-115.1372,74.64,13,0,8.05,clear sky,2022-03-14 01:34:07
551,Walvis Bay,NA,-22.9575,14.5053,62.1,94,35,3.44,scattered clouds,2022-03-14 01:34:09
552,Ust-Kulom,RU,61.6864,53.6902,13.5,97,100,5.53,overcast clouds,2022-03-14 01:34:10
553,Collie,AU,-33.3667,116.15,80.11,46,18,4.29,few clouds,2022-03-14 01:34:10
554,San Juan,AR,-31.5375,-68.5364,75.02,36,0,8.41,clear sky,2022-03-14 01:31:05
555,Mizan Teferi,ET,6.9833,35.5833,66.06,66,100,3.15,overcast clouds,2022-03-14 01:34:11
556,Catmondaan,PH,10.6861,124.0139,85.46,72,96,5.44,overcast clouds,2022-03-14 01:34:11
557,Oschatz,DE,51.3,13.1167,42.12,53,0,8.77,clear sky,2022-03-14 01:34:12
558,Salinas,US,36.6777,-121.6555,65.57,56,0,6.91,clear sky,2022-03-14 01:29:59
559,Vikhorevka,RU,56.1201,101.1636,-9.76,93,98,2.44,overcast clouds,2022-03-14 01:34:12
560,Teya,RU,60.3778,92.6267,-8.05,96,73,0.54,broken clouds,2022-03-14 01:34:13
561,Mana,GF,5.6592,-53.7767,76.05,93,100,9.31,light rain,2022-03-14 01:34:14
562,Buchanan,LR,5.8808,-10.0467,78.39,90,92,5.44,light rain,2022-03-14 01:34:14
563,Aktas,KZ,49.7789,72.9608,26.35,95,100,9.48,light snow,2022-03-14 01:34:14
564,Carroll,US,39.5501,-77.0164,38.5,56,100,0.0,overcast clouds,2022-03-14 01:34:15
565,Zimapan,MX,20.75,-99.35,50.11,69,2,4.79,clear sky,2022-03-14 01:34:15
566,Nabire,ID,-3.3667,135.4833,82.04,78,100,1.92,overcast clouds,2022-03-14 01:34:16
567,Gizo,SB,-8.103,156.8419,85.66,62,85,6.4,overcast clouds,2022-03-14 01:34:16
568,Halden,NO,59.1226,11.3871,32.63,58,84,4.0,broken clouds,2022-03-14 01:34:17
569,Talcahuano,CL,-36.7167,-73.1167,62.28,72,0,4.61,clear sky,2022-03-14 01:34:18
570,Kortkeros,RU,61.8106,51.5806,19.4,98,100,3.62,overcast clouds,2022-03-14 01:34:18
571,Pahrump,US,36.2083,-115.9839,68.05,17,42,1.9,scattered clouds,2022-03-14 01:34:19
572,Ust-Kuyga,RU,70.0167,135.6,-13.9,95,97,1.14,overcast clouds,2022-03-14 01:34:19
573,Huarmey,PE,-10.0681,-78.1522,73.51,78,100,7.94,overcast clouds,2022-03-14 01:34:20
574,Murgab,TM,37.4966,61.9714,53.47,82,75,6.91,light rain,2022-03-14 01:34:20
575,Dunedin,NZ,-45.8742,170.5036,66.79,62,45,4.0,scattered clouds,2022-03-14 01:31:12
576,Turayf,SA,31.6725,38.6637,35.85,93,0,11.5,clear sky,2022-03-14 01:34:21
577,Bitung,ID,1.4451,125.1824,81.45,67,12,2.15,few clouds,2022-03-14 01:34:21
578,Gwanda,ZW,-20.9333,29.0,64.72,73,57,6.26,broken clouds,2022-03-14 01:34:22
579,Qaqortoq,GL,60.7167,-46.0333,27.52,81,100,10.74,snow,2022-03-14 01:34:22
580,Alyangula,AU,-13.8483,136.4192,84.07,89,100,4.61,moderate rain,2022-03-14 01:34:23
581,Lazaro Cardenas,MX,17.9583,-102.2,74.08,79,0,5.59,clear sky,2022-03-14 01:34:23
582,Villa Hayes,PY,-25.0931,-57.5236,73.53,60,0,4.61,clear sky,2022-03-14 01:34:24
583,Tonj,SS,7.2737,28.6822,81.21,32,100,4.09,overcast clouds,2022-03-14 01:30:19
584,Caravelas,BR,-17.7125,-39.2481,77.61,86,100,4.79,overcast clouds,2022-03-14 01:34:25
585,Sobolevo,RU,54.4299,31.8996,27.55,91,99,8.61,overcast clouds,2022-03-14 01:34:25
586,Kalmunai,LK,7.4167,81.8167,78.94,80,68,7.56,broken clouds,2022-03-14 01:34:26
587,Jatai,BR,-17.8814,-51.7144,68.22,94,59,2.71,broken clouds,2022-03-14 01:34:26
588,Astana,KZ,51.1801,71.446,17.55,93,100,4.47,overcast clouds,2022-03-14 01:34:27
589,Eyl,SO,7.9803,49.8164,74.3,81,73,10.25,broken clouds,2022-03-14 01:34:27
590,Kangaatsiaq,GL,68.3065,-53.4641,-1.3,96,100,10.11,overcast clouds,2022-03-14 01:34:28
591,Barma,SL,8.35,-11.3333,72.01,99,60,2.06,broken clouds,2022-03-14 01:34:28
592,Grand Gaube,MU,-20.0064,57.6608,78.39,84,100,5.01,overcast clouds,2022-03-14 01:34:29
593,Road Town,VG,18.4167,-64.6167,77.04,78,20,13.8,few clouds,2022-03-14 01:32:10
594,Shar,KZ,49.5886,81.0453,11.23,96,88,4.68,overcast clouds,2022-03-14 01:34:30
595,Rongcheng,CN,30.634,117.8517,78.57,62,98,3.42,overcast clouds,2022-03-14 01:34:30
596,Marrakesh,MA,31.6315,-8.0083,57.27,82,40,5.75,scattered clouds,2022-03-14 01:34:31
597,Kenai,US,60.5544,-151.2583,32.02,57,100,29.93,overcast clouds,2022-03-14 01:34:31
598,Galesong,ID,-5.3166,119.3661,82.42,75,74,3.69,broken clouds,2022-03-14 01:34:32
599,Brzeg Dolny,PL,51.273,16.7082,33.08,53,0,7.7,clear sky,2022-03-14 01:34:32
600,Augusto Correa,BR,-1.0217,-46.635,74.82,98,100,1.9,overcast clouds,2022-03-14 01:34:33
601,Kyabe,TD,9.4515,18.9449,83.53,32,20,4.36,few clouds,2022-03-14 01:34:33
602,Acajutla,SV,13.5928,-89.8275,80.49,67,32,7.56,scattered clouds,2022-03-14 01:34:34
603,Ponezhukay,RU,44.8876,39.3855,28.83,89,89,2.93,overcast clouds,2022-03-14 01:34:34
604,Bolu,TR,40.6667,31.5833,12.78,87,17,2.68,few clouds,2022-03-14 01:34:35
605,Ouallam,NE,14.3188,2.0866,79.34,17,34,11.48,scattered clouds,2022-03-14 01:34:35
606,Kabugao,PH,18.0217,121.1842,86.52,62,94,2.64,overcast clouds,2022-03-14 01:34:36
607,Lebyazhye,RU,55.2689,66.4947,8.78,95,100,8.41,light snow,2022-03-14 01:34:36
608,Isabela,PH,6.7085,121.9711,84.25,76,100,4.21,overcast clouds,2022-03-14 01:34:36
609,Sheltozero,RU,61.3667,35.3667,7.99,100,93,3.53,overcast clouds,2022-03-14 01:34:37
610,Razdolinsk,RU,58.4211,94.6658,-5.3,91,9,4.74,clear sky,2022-03-14 01:34:38
611,Muros,ES,42.7762,-9.0603,45.84,94,100,6.82,light rain,2022-03-14 01:34:38
612,Oia,PT,40.5426,-8.5386,47.39,87,94,5.88,overcast clouds,2022-03-14 01:34:38
613,Baruun-Urt,MN,46.6806,113.2792,27.97,57,57,14.18,broken clouds,2022-03-14 01:34:39
614,Laukaa,RU,58.7372,29.8453,23.81,98,97,2.59,overcast clouds,2022-03-14 01:34:40
615,Lages,BR,-27.8161,-50.3261,60.28,100,100,2.62,light rain,2022-03-14 01:34:40
616,Jagatsinghapur,IN,20.2667,86.1667,73.76,64,17,3.65,few clouds,2022-03-14 01:34:40
617,Pacific Grove,US,36.6177,-121.9166,61.21,77,0,6.91,clear sky,2022-03-14 01:34:41
618,Surt,LY,31.2089,16.5887,55.15,70,0,14.29,clear sky,2022-03-14 01:34:41
619,San Rafael,AR,-34.6177,-68.3301,70.18,42,0,6.69,clear sky,2022-03-14 01:30:38
620,Teahupoo,PF,-17.8333,-149.2667,80.56,71,80,8.93,broken clouds,2022-03-14 01:34:42
621,Chesley,CA,44.2966,-81.0952,30.79,88,99,12.55,overcast clouds,2022-03-14 01:34:00
622,Berdigestyakh,RU,62.0989,126.6992,2.21,86,100,5.61,overcast clouds,2022-03-14 01:34:43
623,High Prairie,CA,55.4334,-116.4858,8.98,96,100,3.49,overcast clouds,2022-03-14 01:30:29
624,Nome,US,64.5011,-165.4064,26.67,28,0,14.97,clear sky,2022-03-14 01:34:44
625,Potters Bar,GB,51.6935,-0.1784,45.05,95,17,5.48,few clouds,2022-03-14 01:34:44
626,Jarvakandi,EE,58.7789,24.8258,22.95,93,43,3.87,scattered clouds,2022-03-14 01:34:45
627,Skibotn,NO,69.3913,20.2679,31.21,70,97,9.24,overcast clouds,2022-03-14 01:34:45
628,Dingle,PH,10.9995,122.6711,86.38,67,80,7.87,broken clouds,2022-03-14 01:34:46
629,Keffi,NG,8.8486,7.8736,78.8,43,8,3.47,clear sky,2022-03-14 01:34:46
630,Luang Prabang,LA,19.8856,102.1347,76.96,88,20,0.0,mist,2022-03-14 01:34:47
631,Nador,MA,35.174,-2.9287,59.25,82,0,4.61,clear sky,2022-03-14 01:34:48
632,Aykhal,RU,66.0,111.5,-10.88,95,49,2.84,scattered clouds,2022-03-14 01:34:48
633,Port-Cartier,CA,50.0334,-66.8654,12.42,74,21,13.2,few clouds,2022-03-14 01:34:49
634,Lavumisa,SZ,-27.31,31.892,67.68,97,11,4.09,few clouds,2022-03-14 01:34:49
635,Rurrenabaque,BO,-14.4413,-67.5278,71.55,92,100,1.19,overcast clouds,2022-03-14 01:34:50
636,Bairiki,KI,1.3292,172.9752,86.0,66,20,10.36,few clouds,2022-03-14 01:34:50
637,Bukachacha,RU,52.9833,116.9167,18.07,80,100,3.71,overcast clouds,2022-03-14 01:34:51
638,Taltal,CL,-25.4,-70.4833,67.53,79,10,5.19,clear sky,2022-03-14 01:30:30
639,Roma,US,43.2128,-75.4557,26.87,70,100,4.61,overcast clouds,2022-03-14 01:34:52
640,Nanakuli,US,21.3906,-158.1547,84.15,56,0,16.11,clear sky,2022-03-14 01:34:52
641,Rocha,UY,-34.4833,-54.3333,56.26,94,1,3.49,clear sky,2022-03-14 01:34:53
642,Boueni,YT,-12.9025,45.0761,78.78,75,93,7.25,overcast clouds,2022-03-14 01:34:53
643,Cabo San Lucas,MX,22.8909,-109.9124,73.71,53,40,8.05,scattered clouds,2022-03-14 01:33:20
644,Ratnagiri,IN,16.9833,73.3,81.16,36,6,4.54,clear sky,2022-03-14 01:34:54
645,Lienz,AT,46.8289,12.769,34.9,94,6,4.0,clear sky,2022-03-14 01:34:54
646,Ruwi,OM,23.5996,58.5507,76.69,56,8,2.53,clear sky,2022-03-14 01:34:55
647,Ulaangom,MN,49.9811,92.0667,13.71,89,45,2.13,scattered clouds,2022-03-14 01:34:55
648,Pokhara,NP,28.2333,83.9833,72.03,24,1,0.98,clear sky,2022-03-14 01:34:56
649,Yar-Sale,RU,66.8333,70.8333,-4.41,100,100,6.53,overcast clouds,2022-03-14 01:34:56
650,San Luis Obispo,US,35.3666,-120.5343,56.39,76,0,23.02,clear sky,2022-03-14 01:33:46
651,Maniitsoq,GL,65.4167,-52.9,3.85,84,100,22.5,overcast clouds,2022-03-14 01:34:57
652,Nantucket,US,41.2835,-70.0995,35.74,57,75,25.32,broken clouds,2022-03-14 01:34:58
653,Bam,IR,29.106,58.357,69.75,27,14,3.67,few clouds,2022-03-14 01:34:58
654,Dodola,ET,6.9833,39.1833,50.88,61,100,2.04,overcast clouds,2022-03-14 01:34:59
655,Khandyga,RU,62.6667,135.6,6.03,89,100,0.89,overcast clouds,2022-03-14 01:34:59
656,Luchegorsk,RU,46.4764,134.2569,29.01,86,92,4.18,overcast clouds,2022-03-14 01:35:00
657,Youkounkoun,GN,12.5333,-13.1333,77.61,47,16,6.78,few clouds,2022-03-14 01:35:00
658,Byron Bay,AU,-28.65,153.6167,73.71,78,89,11.72,overcast clouds,2022-03-14 01:35:01
659,Allapalli,IN,19.4167,80.0667,75.04,22,0,1.86,clear sky,2022-03-14 01:35:01
660,Aswan,EG,24.0934,32.907,54.14,41,0,15.32,clear sky,2022-03-14 01:35:02
661,Kasangulu,CD,-4.5911,15.1708,74.34,93,100,2.55,overcast clouds,2022-03-14 01:35:02
